{"PR":{"moda":850.0,"mediana":650.0,"media":648.9612940497,"desvio_padrao":98.6071859131},"RS":{"moda":850.0,"mediana":650.0,"media":651.1051428571,"desvio_padrao":95.1365984138},"SC":{"moda":850.0,"mediana":653.0,"media":649.5376527423,"desvio_padrao":97.2334927934}}